"AGS5","krs_WZ_gesamt","krs_homeoffice_WZ","krsanteil_homeoffice_WZ","krs_KldB_gesamt","krs_homeoffice_KldB","krsanteil_homeoffice_KldB"
1001,44729,25231.41796875,0.564095284239531,44608,24954.70703125,0.559422234380604
1002,126421,73647.6953125,0.582559031430696,126253,74694.796875,0.591627896960864
1003,100576,54408.76171875,0.540971620652541,98915,53396.7421875,0.539824517894152
1004,41297,21842.708984375,0.528917572326682,41275,21052.267578125,0.510048881359782
1051,43410,22637.775390625,0.52148756946844,43341,21074.857421875,0.486256833526568
1053,49055,26197.857421875,0.534050706795943,48784,24960.630859375,0.511656093378464
1054,60964,32172.3515625,0.52772704485434,60963,30027.013671875,0.492544882500451
1055,61666,31796.173828125,0.515619203906934,61029,29862.943359375,0.489323819157696
1056,93458,50622.55859375,0.541661051956494,92863,50200.08984375,0.540582253898216
1057,27827,14660.5654296875,0.526846782969328,27354,13399.6494140625,0.489860693648552
1058,79950,43248.0859375,0.540939161194497,79317,41195.1640625,0.519373703777248
1059,56712,29586.97265625,0.521705682329137,56344,28063.99609375,0.498083133851874
1060,93338,50738.07421875,0.54359504402012,92742,49644.24609375,0.535294107241056
1061,40015,22015.123046875,0.550171761761215,39912,20884.6171875,0.523266616243235
1062,87167,47762.96484375,0.547947788082072,87112,47458.4453125,0.544798022230003
2000,1003091,589068.0625,0.587252863897692,1001513,618119.9375,0.61718613487793
3101,133029,78477.3984375,0.589926996651106,131681,77358.140625,0.587466229942057
3102,48719,25556.30078125,0.52456538067797,48664,24722.044921875,0.50801506086378
3103,122076,69156.4296875,0.566503077488614,121659,69384.6328125,0.570320591263285
3151,43537,23985.73828125,0.550927677176884,43008,23130.68359375,0.537822814214797
3153,45819,24345.544921875,0.531341690605971,45728,23357.654296875,0.510795449109408
3154,23483,12322.271484375,0.524731571109952,23408,11705.2138671875,0.500051856937265
3155,45828,23919.265625,0.521935620690408,45828,23634.0390625,0.515711771460679
3157,33261,17172.982421875,0.516309865063438,32650,15941.8583984375,0.488265188313553
3158,25366,13721.548828125,0.5409425541325,25355,13418.3544921875,0.529219266108756
3159,131660,72697.203125,0.552158614043749,129292,70358.8671875,0.544185774738576
3241,522433,298241.125,0.570869613902644,521498,301918,0.578943735162935
3251,72066,38459.43359375,0.533669602777315,72061,36201.98046875,0.502379657078725
3252,52334,29155.6328125,0.557106905883365,52330,28819.43359375,0.550724891911905
3254,93514,51300.7734375,0.54858923195992,92348,49515.703125,0.536185982641746
3255,23022,12264.5888671875,0.532733423125163,23022,11582.2685546875,0.503095671735188
3256,40843,21203.05859375,0.519135680379747,40132,19965.337890625,0.497491724574529
3257,45876,24207.84375,0.527679914334292,44590,22332.4296875,0.500839418871944
3351,57931,31114.220703125,0.537091034215273,56995,30273.306640625,0.531157235557944
3352,49447,25626.45703125,0.518261108484842,49028,23685.63671875,0.483104281609488
3353,67009,35220.0390625,0.52560162161053,66980,33972.15234375,0.50719845242983
3354,14389,7626.87158203125,0.530048758220255,14382,7103.91748046875,0.493945034102959
3355,60073,32663.30078125,0.543726812066153,59215,31749.69921875,0.536176631237862
3356,27409,14522.720703125,0.529852263968952,27265,13816.4482421875,0.506746680439666
3357,57947,30540.517578125,0.527042255476988,56683,28680.63671875,0.505983041101388
3358,48211,25208.421875,0.522876975690195,47553,23368.3671875,0.491417306741951
3359,63783,34250.86328125,0.536990472088958,63111,32263.212890625,0.51121378033346
3360,30527,15605.978515625,0.511218872330232,30121,14880.4365234375,0.494021995399804
3361,48657,25766.904296875,0.529562124604373,48443,25274.20703125,0.5217308389499
3401,20621,10918.24609375,0.529472193091994,20621,10450.8603515625,0.506806670460332
3402,33544,18128.1484375,0.540428942210231,32829,16872.52734375,0.513951912752444
3403,86252,51070.52734375,0.592108326111279,85654,51372.390625,0.599766392988068
3404,97652,54021.9765625,0.553209115660714,96403,54980.765625,0.570322143761086
3405,31126,16684.705078125,0.53603755953624,29935,15663.884765625,0.523263229184065
3451,44477,22206.748046875,0.49928610398352,44477,21674.390625,0.487316829484902
3452,61223,32731.888671875,0.534633857731163,60806,30744.19140625,0.505611147029076
3453,68656,34939.72265625,0.50890996644503,67829,31571.279296875,0.465453998980893
3454,142388,73912.0234375,0.519088851851982,142299,70096.90625,0.492602943450059
3455,29684,15968.5361328125,0.537950954480949,29685,15283.9765625,0.514872041856156
3456,51432,26650.802734375,0.518175508134527,50779,25286.72265625,0.497975987243742
3457,48840,26021.0390625,0.532781307585995,48840,24754.869140625,0.506856452510749
3458,37575,19029.765625,0.50644752162342,37295,18242.373046875,0.489137231448586
3459,132312,66968.515625,0.506140906531532,131252,62957.42578125,0.479668315768522
3460,73354,37031.08203125,0.50482703099013,72549,34747.40234375,0.478950810400557
3461,30697,16050.505859375,0.522868875114018,30353,14284.6953125,0.470618894755049
3462,16501,8751.947265625,0.530388901619599,16501,7951.63818359375,0.481888260323238
4011,281695,157928.109375,0.560635117325476,281361,161108.1875,0.57260312374494
4012,52690,28107.130859375,0.53344336419387,51937,26166.484375,0.503812010223925
5111,430435,264207.5625,0.613815239234728,428812,280069.375,0.653128585487346
5112,176807,94871.890625,0.53658447134446,176516,96111.390625,0.544491097832491
5113,252791,146143.890625,0.578121415022687,251505,152596.984375,0.606735390449494
5114,95341,52086.625,0.54631926453467,95121,52185.63671875,0.548623718408658
5116,102596,56552.625,0.551216665367071,102489,56473.26171875,0.551017784530535
5117,59593,33297.28515625,0.558744905546792,58884,34117.3828125,0.579399884730997
5119,66958,35119.1171875,0.524494715904,66790,34698.01953125,0.519509200946998
5120,46248,24025.15234375,0.519485217604004,45713,23638.36328125,0.51710374032004
5122,54055,28493.544921875,0.52712135643095,54055,28164.126953125,0.521027230656276
5124,126658,71410.2421875,0.563803645940249,126464,71008.6875,0.561493290580719
5154,103231,54030.73046875,0.523396368036249,102326,52058.984375,0.508756175116784
5158,194209,108577.9609375,0.559077905439501,193040,110606.8125,0.572973541753005
5162,150649,82106.7421875,0.54502016068809,149885,82181.0703125,0.548294160940054
5166,94526,50390.3359375,0.533084399398049,94099,48798.5,0.518586807511238
5170,140321,74497.703125,0.530909152051368,139521,72143.1015625,0.517077010360448
5314,180127,111126.953125,0.61693667870447,179588,117370.3203125,0.653553245832127
5315,586565,353682.3125,0.602972070444026,582350,369035.46875,0.633700470078132
5316,65851,37991.265625,0.576927694719898,65047,38338.96484375,0.58940404390287
5334,220517,126338.8046875,0.572920929848946,218155,124487.8828125,0.570639604008618
5358,86084,45770.24609375,0.531692835994494,85096,43430.25,0.510367702359688
5362,146156,78340.625,0.536006903582473,145180,76361.3515625,0.525977073718832
5366,58220,30758.7734375,0.528319708648231,58220,29495.1875,0.506616068361388
5370,73924,38842.40234375,0.525436966935637,72266,36617.2890625,0.506701478738273
5374,106147,58094.44921875,0.547301847614629,105370,55584.27734375,0.527515206830692
5378,75642,41932.91796875,0.554360249183655,75086,41728.16015625,0.555738222255147
5382,163336,89407.1875,0.547382007028457,161608,87116.1328125,0.539058294221202
5512,33704,17465.73828125,0.518209657051092,33570,16519.9609375,0.492104883452487
5513,82093,44436.390625,0.541293296931529,80757,43466.3359375,0.5382361397464
5515,173897,104591.9921875,0.601459439711438,173050,107209.984375,0.619531836896851
5554,150695,79124.6796875,0.525065063124191,148548,75918.203125,0.511068497219754
5558,71390,37817.55078125,0.529731766091189,70642,35781.58203125,0.506519946083774
5562,173371,91941.6484375,0.530317345100968,172591,89119.3515625,0.51636152268948
5566,164113,86322.5078125,0.525994332030369,162933,83110.6875,0.510091187788846
5570,94152,49717.32421875,0.528053830176204,94147,48359.70703125,0.513661688967784
5711,159767,88948.421875,0.556738386994811,159161,90027.359375,0.56563705540302
5754,184192,97115.0078125,0.527248782859733,182618,93843.5859375,0.513879168195359
5758,95977,50690.58203125,0.528153432918824,95963,49363.6875,0.514403337744756
5762,45132,23660.810546875,0.524257966561974,44610,21892.541015625,0.49075411377774
5766,115533,63335.34765625,0.548201359405971,114960,61610.9765625,0.535934034120564
5770,130383,70152.140625,0.538046682658015,128848,68211.5546875,0.529395525638737
5774,121084,67015.6640625,0.553464240217535,120587,65181.4296875,0.540534466298191
5911,138158,77490.7109375,0.560884718492595,138072,78843.609375,0.571032572679472
5913,250089,142891.140625,0.571361157927778,249432,144844.953125,0.580699160993778
5914,71213,37819.55859375,0.531076609520031,70449,36763.4140625,0.521844370573039
5915,61032,32616.41015625,0.534414899663291,60128,30919.787109375,0.514232755278323
5916,47229,25061.01171875,0.530627616903809,46208,23368.966796875,0.505734219115196
5954,109921,57860.98828125,0.526387025966376,109075,56387.40625,0.516959947283979
5958,107958,56637.19921875,0.52462253115795,107588,54323.91796875,0.504925437490705
5962,163235,85069.4296875,0.521146994746837,160840,81435.96875,0.506316642315344
5966,60122,30569.810546875,0.508462967746831,60076,29677.275390625,0.493995528840552
5970,118886,63350.06640625,0.532863973943526,117797,61776.5078125,0.524431927914123
5974,112906,59778.125,0.529450383504862,111717,57673.3515625,0.516245079643206
5978,134151,71458.5546875,0.53267254576932,133960,68675.1796875,0.512654372107345
6411,105999,65758.7421875,0.620371344894763,105666,69466.1875,0.65741286222626
6412,609007,375289.0625,0.616231114749092,608012,394803.96875,0.649335816974007
6413,48126,27319.173828125,0.56765934896158,47467,27136.3203125,0.571688126751217
6414,138937,84555.34375,0.608587660234495,138470,87238.40625,0.63001665523218
6431,76670,41453.22265625,0.540670701137994,76606,40641.45703125,0.53052576862452
6432,77681,41808.6875,0.538209954815206,76947,40827.3125,0.530590048994763
6433,101423,54421.11328125,0.536575661154275,101423,55126.0390625,0.543526015425495
6434,97808,60353.9375,0.61706544965647,97650,63113.578125,0.646324404761905
6435,139001,74059.5625,0.532798774828958,137711,72646.03125,0.527525261235486
6436,103108,65009.58203125,0.630499883920258,102681,68443.4609375,0.666564027789951
6437,27922,14592.8505859375,0.522629130647429,27922,13941.2939453125,0.499294246304437
6438,128583,72872.6875,0.566736563153761,128583,75389.3125,0.586308551674794
6439,45748,25312.3125,0.55329877808866,45753,25349.580078125,0.554052850701047
6440,87295,48255.7734375,0.552789660776677,86695,47257.109375,0.545096134436819
6531,100080,55984.91015625,0.559401580298261,99923,55465.609375,0.555083508051199
6532,96070,52046.6796875,0.541757881622775,95904,49839.46875,0.519680813626126
6533,55417,29754.609375,0.536922052348557,54874,28357.81640625,0.516780559212924
6534,93880,50336.8984375,0.536183409006178,93092,48947.12890625,0.525793074660014
6535,32655,17078.822265625,0.523007878291992,31590,16311.1748046875,0.51633981654598
6611,113687,64670.84765625,0.56884997982399,112901,65560.109375,0.580686702287845
6631,95294,51250.4453125,0.537813978975591,94837,50256.29296875,0.52992284623881
6632,49964,25124.876953125,0.502859597973041,49391,23613.41796875,0.478091514015711
6633,75773,40103.65625,0.52926050506117,75774,37177.88671875,0.490641733559664
6634,56471,30660.408203125,0.542940769653893,56289,29056.65234375,0.516204806334275
6635,64449,32853.2109375,0.509755169785412,63373,31254.61328125,0.493185004359112
6636,28705,15065.654296875,0.524844253505487,28143,14081.2431640625,0.500346202041804
7111,76183,44693.359375,0.586657907604059,76181,45321.2578125,0.59491550140455
7131,35371,18841.951171875,0.532694896154336,35371,18446.203125,0.5215064070849
7132,38804,20361.861328125,0.524736143905912,38710,19456.751953125,0.502628570217644
7133,53817,28940.8828125,0.537764699119237,52833,27550.349609375,0.521461011287926
7134,27387,14610.68359375,0.533489743080659,27121,13755.390625,0.507185967515947
7135,19957,10095.048828125,0.505839997400661,19955,9525.81640625,0.477364891317965
7137,69836,36510.421875,0.52280230647517,68541,34722.47265625,0.506594194077268
7138,63646,33905.58203125,0.532721334117619,63624,33384.9765625,0.524723006451968
7140,38999,20389.90234375,0.522831414747814,38998,19212.4765625,0.492652868416329
7141,32604,17444.3203125,0.535036201463011,32604,16993.599609375,0.521212109231229
7143,70110,36607.93359375,0.522149958547283,70109,35258.9765625,0.502916552261479
7211,56205,31319.873046875,0.557243537885864,55968,31280.490234375,0.558899553930371
7231,41128,21014.1640625,0.510945440150263,41127,19974.529296875,0.485679220387458
7232,28662,15077.6162109375,0.526048992077925,28609,14166.0546875,0.495160777639904
7233,20021,10272.068359375,0.513064700033715,19333,9486.279296875,0.490678078770755
7235,31340,16128.130859375,0.514618087408264,31100,14837.5732421875,0.477092387208601
7311,18910,10258.86328125,0.542509956702803,18910,10201.974609375,0.53950156580513
7312,54512,31421.533203125,0.576414976576258,54175,31132.306640625,0.574661866924319
7313,23993,13616.439453125,0.567517169721377,23992,13440.77734375,0.560219129032594
7314,105281,59668.1015625,0.566750900566104,104872,59497.76953125,0.567337034968819
7315,116021,68480.296875,0.59024053296386,115370,71449.21875,0.619305007800988
7316,17747,9950.271484375,0.560673436883699,17707,9629.8603515625,0.543844826992856
7317,20519,11166.1650390625,0.544186609438204,20404,11175.28125,0.54770051215448
7318,29417,16085.60546875,0.546813253178434,29413,15660.1015625,0.53242109143916
7319,34527,18268.87890625,0.52911862908014,34302,17623.115234375,0.513763490011515
7320,15580,8503.912109375,0.545822343348845,15580,7926.68212890625,0.508772922266126
7331,29986,15925.3115234375,0.531091560175999,29987,14958.0048828125,0.498816316497566
7332,32270,17004.9921875,0.526959782692904,31711,16217.236328125,0.511407282271925
7333,22064,11920.1474609375,0.540253238802461,21810,11139.5830078125,0.510755754599381
7334,46595,25135.740234375,0.539451448317953,46595,23868.240234375,0.512248958780449
7335,26050,13965.6611328125,0.536109832353647,25554,12826.7548828125,0.50194704871302
7336,12540,6744.123046875,0.537808855412679,12540,6466.248046875,0.515649764503589
7337,31592,16240.427734375,0.514067730260034,31592,16063.9111328125,0.508480347328833
7338,29014,14726.462890625,0.507564034280864,28739,13877.6826171875,0.482886760749765
7339,57771,32661.17578125,0.565355901425456,57641,30501.162109375,0.529157407216651
7340,15354,8098.81298828125,0.52747251454222,15354,7372.43212890625,0.480163613970708
8111,427199,266365.03125,0.623515109468889,426324,281103.53125,0.659365954649515
8115,183537,106568.3203125,0.580636712556596,183175,110827.4453125,0.605035869045994
8116,221141,124007.203125,0.560760795714047,220325,125567.84375,0.569920997390219
8117,88800,48280.48828125,0.543699192356419,88556,47529.640625,0.536718467692759
8118,208575,116930.2734375,0.560614999101043,207601,119545.28125,0.575841548210269
8119,153024,83156.03125,0.543418230146905,151175,82825.21875,0.547876426327104
8121,72534,41341.15625,0.569955555325778,71809,41222.5234375,0.574057895772118
8125,146013,81379.5078125,0.557344262582784,145763,81909.625,0.561937014194274
8126,60098,33500.609375,0.557433015657759,59955,34138.875,0.569408306229672
8127,84795,45472.04296875,0.536258540819034,83970,44843.55859375,0.534042617527093
8128,56622,30293.830078125,0.535018722018385,56611,29915.982421875,0.528448224229832
8135,53423,29613.6484375,0.554323951060405,53151,28534.912109375,0.53686500930133
8136,129482,71376.5703125,0.551247048334904,129215,69823.3125,0.540365379406416
8211,30797,17516.275390625,0.568765639205929,30797,17500.068359375,0.568239385634153
8212,179046,109187.28125,0.609828095852462,177905,112899.703125,0.634606689665833
8215,159473,88639.109375,0.555825182789563,159457,87326.484375,0.547649111515957
8216,94667,50860.68359375,0.537258850430984,94184,48614.671875,0.51616699094326
8221,91900,53890.796875,0.586406930087051,91448,55829.890625,0.610509695400665
8222,191211,108594.921875,0.567932398632924,190196,113346.4375,0.595945432606364
8225,46585,25043.205078125,0.537580875348825,45507,23199.814453125,0.509807599998352
8226,177488,104213.1953125,0.587156288382877,177212,104463.625,0.589483923210618
8231,59121,32546.759765625,0.550510981979753,59077,32612.7890625,0.552038679392996
8235,48355,25608.884765625,0.529601587542653,48342,24570.74609375,0.508269126096355
8236,64306,34379.94921875,0.534630504443598,64231,32666.42578125,0.508577256795784
8237,48380,25419.0078125,0.525403220597354,48331,25124.54296875,0.51984322626782
8311,129455,74609.7421875,0.576337276949519,129205,76968.40625,0.595707644827987
8315,84126,43883.54296875,0.521640669575993,84040,42725.71875,0.508397414921466
8316,53656,29184.74609375,0.543923253573692,53537,28271.3203125,0.528070685927489
8317,185571,98891.578125,0.532904269120714,184754,95465.84375,0.516718684033905
8325,58212,31037.2109375,0.53317547820896,58212,29888.4296875,0.513441037715591
8326,88974,48313.3203125,0.543004926298694,88973,46889.2734375,0.527005647078327
8327,68047,36243.6953125,0.532627379788969,67779,34917.55859375,0.515167804094926
8335,103521,56175.21875,0.542645634702138,103166,55260.3984375,0.535645449445554
8336,80013,43584.97265625,0.544723640611526,79648,42900.8125,0.538630128816794
8337,55138,28917.41015625,0.52445518800555,54950,27782.248046875,0.505591411226115
8415,116522,64641.921875,0.554761520356671,116305,64485.546875,0.55445206031555
8416,82721,46837.15625,0.566206359328345,82312,47742.05078125,0.580013251788925
8417,70531,37976.96875,0.538443645347436,69983,36873.28125,0.52688911950045
8421,95944,55220.34375,0.575547650191779,95542,55686.1953125,0.582845191774298
8425,56526,29814.560546875,0.527448617395093,56526,27898.365234375,0.493549255818119
8426,87334,47497.3125,0.543858205280876,87210,44996.71484375,0.515958202542713
8435,94311,52357.2734375,0.555155532626099,93102,52609.8359375,0.565077398310455
8436,121344,66501.8828125,0.548044261047106,119897,64718.79296875,0.539786591564009
8437,48494,25510.02734375,0.526045022966759,47966,23843.6796875,0.497095436090147
9161,107275,59950.49609375,0.558848716790958,106291,64291.39453125,0.604862072341496
9162,901773,563672.0625,0.625070901989747,899846,602642.9375,0.669717860056054
9163,35381,20334.66796875,0.574734121951047,34786,19957.244140625,0.573714831846864
9171,48637,26479.71875,0.544435691962909,48338,25727.873046875,0.532249432059146
9172,36817,19108.09765625,0.519002027765706,36430,18589.767578125,0.510287334013862
9173,38124,20222.01171875,0.530427334979278,38126,19947.6640625,0.523203694657189
9174,43834,23565.3515625,0.537604406682028,43685,23470.0546875,0.537256602666819
9175,41478,22525.615234375,0.543073803808646,40966,22327.078125,0.545014844627252
9176,42195,23834.412109375,0.564863422428605,42195,22785.49609375,0.540004647321958
9177,46233,24423.900390625,0.52827851081749,46219,23146.419921875,0.500798803995651
9178,84982,43846.92578125,0.515955446815208,84597,44114.25390625,0.521463573250234
9179,52604,29301.673828125,0.557023683144343,52394,29355.9609375,0.560292417786388
9180,29294,15130.72265625,0.516512687111695,29119,14597.2763671875,0.501297309907191
9181,39818,21590.92578125,0.542240338069466,39281,21565.912109375,0.549016372021461
9182,36580,19645.771484375,0.53706318984076,36580,19495.193359375,0.532946784017906
9183,42260,22190.5859375,0.525096685695693,42148,21492.4140625,0.50992725781769
9184,239796,150106.546875,0.625976024933694,239653,159788.53125,0.666749555607483
9185,33423,17386.78125,0.52020408850193,33251,16886.62890625,0.507853264751436
9186,44360,23667.232421875,0.533526429708634,44328,23215.423828125,0.523719180385422
9187,85876,45244.47265625,0.526858175232312,85877,44141.53125,0.51400877126588
9188,52404,30447.1484375,0.58100809933402,52237,31266.98828125,0.598560183035971
9189,69413,37917.95703125,0.546265930463314,68970,36103.2734375,0.523463439720168
9190,50668,27855.435546875,0.549763865691857,50103,26892.8984375,0.536752259096262
9261,38270,21214.044921875,0.554325710004573,38252,21198.203125,0.554172412553592
9262,40243,22960.53125,0.570547206967671,40152,22759.048828125,0.566822295978407
9263,30617,16576.091796875,0.541401567654408,30398,16152.4375,0.531365139153892
9271,51264,26780.83203125,0.52241011296914,50848,25958.4453125,0.510510645698946
9272,26597,13731.0400390625,0.516262737867523,26221,12418.0576171875,0.473592068082358
9273,40518,20981.33984375,0.517827628307172,40078,20199.330078125,0.504000451073532
9274,52040,27586.033203125,0.53009287477181,52040,26477.21484375,0.508785834814566
9275,62335,32014.08984375,0.513581292111174,61995,29394.83203125,0.47414843182918
9276,29387,15161.2578125,0.515917167880355,29111,13776.01953125,0.473223851164508
9277,40058,21121.439453125,0.527271442736158,40058,20537.88671875,0.512703747534825
9278,27201,13839.5673828125,0.508788918893147,27164,13148.908203125,0.484056405651782
9279,50891,27158.478515625,0.53365975350504,50891,23862.720703125,0.468898640292488
9361,28023,15529.9462890625,0.554185714914981,27690,15388.88671875,0.555756111186349
9362,126329,71401.921875,0.565206103705404,126179,73371.515625,0.581487534573899
9363,28172,15065.244140625,0.534759482487044,28137,15359.5859375,0.545885699879163
9371,29242,15301.5810546875,0.523274093929536,28953,14692.61328125,0.507464279392464
9372,54626,28441.85546875,0.520665168028961,54353,26831.013671875,0.493643656686383
9373,51792,27194.552734375,0.52507245779995,51550,26596.50390625,0.515936060257032
9374,32327,17121.515625,0.529635154050793,31822,16113.544921875,0.506364933752593
9375,49836,26045.333984375,0.522620876161309,49288,25292.01953125,0.513147612628835
9376,56653,29968.240234375,0.528978875511888,56149,27284.974609375,0.485938745291546
9377,26824,13936.1015625,0.51953853125932,26824,13076.958984375,0.487509654949858
9461,54859,30802.75,0.561489454784083,54823,30395.7578125,0.554434412792076
9462,48386,26989.908203125,0.557804079757058,48345,27677.33203125,0.572496267064846
9463,34314,21059.048828125,0.613715941834965,34280,21190.453125,0.618157909130688
9464,24777,13586.8427734375,0.548365127878173,24534,13122.7587890625,0.534880524539924
9471,40773,21226.10546875,0.520592192596817,40773,19877.703125,0.487521230348515
9472,24434,12820.5380859375,0.524700748380842,24435,12050.05078125,0.493147156998158
9473,28972,14956.2294921875,0.516230480884561,28135,14029.0625,0.498633819086547
9474,32728,17377.69140625,0.530973215786177,32443,17550.369140625,0.540960118997164
9475,36558,19041.275390625,0.52085112398449,36558,18756.810546875,0.513069931256497
9476,25860,13485.98828125,0.52149993353635,25850,12546.0224609375,0.485339360191006
9477,28211,14751.94140625,0.522914515836021,28148,14707.162109375,0.522494035433246
9478,29086,15176.3974609375,0.521776712539968,28666,14511.80859375,0.506237654146027
9479,30108,16007.5361328125,0.531670523874469,29901,15404.85546875,0.515195326870339
9561,28022,15537.595703125,0.554478470598994,27929,15428.271484375,0.552410450942569
9562,91862,55938.71484375,0.60894292355653,91436,61649.03125,0.674231497987663
9563,49121,27720.291015625,0.564326683406791,49120,28155.39453125,0.573196142737174
9564,315688,184962.34375,0.585902358499531,314692,190991.234375,0.606914806779327
9565,17191,9584.0712890625,0.557505164857338,16974,9102.125,0.536239248262048
9571,63021,32602.560546875,0.517328518222101,63005,30379.154296875,0.482170530860646
9572,53264,30444.912109375,0.571585162762372,52800,30382.138671875,0.575419293027936
9573,25603,13729.9755859375,0.536264327849764,25603,13391.5078125,0.523044479650822
9574,56121,30007.115234375,0.534686039706616,55622,29213.64453125,0.525217441502463
9575,33969,17969.365234375,0.528993059388707,33870,16995.775390625,0.501794372324328
9576,40611,21170.138671875,0.521290750581739,40140,20540.94140625,0.511732471505979
9577,33018,17189.2578125,0.520602635304985,32765,16092.626953125,0.491152966675568
9661,47445,26333.755859375,0.555037535238171,46739,25889.900390625,0.553924996055221
9662,54003,29615.642578125,0.548407358445364,53979,28506.927734375,0.52811144582847
9663,92252,53189.81640625,0.576570875495924,91825,54500.85546875,0.593529599441873
9671,53652,29173.318359375,0.543750808159528,53652,28633.833984375,0.533695556258387
9672,35524,18447.99609375,0.519310778452595,35263,17244.66015625,0.489029865758727
9673,33248,17570.9921875,0.5284826812891,33229,17210.04296875,0.51792238613109
9674,28680,15074.4111328125,0.525607082734048,28661,14652.33984375,0.51122919101741
9675,34301,18256.69921875,0.532249765859596,34301,17868.25,0.520925045917029
9676,44452,24176.578125,0.54388054811932,44452,23595.611328125,0.530811017009921
9677,48163,25370.904296875,0.526771677363848,48164,25788.25390625,0.535425917827631
9678,26796,13937.1767578125,0.520121538954042,26759,13192.3876953125,0.493007500105105
9679,40202,22247.23046875,0.553386161602657,40178,22095.0078125,0.549928015642889
9761,147680,84048.2734375,0.569124278422941,147526,86340.9375,0.585259123815463
9762,19407,10262.0673828125,0.528781747967872,18999,9828.556640625,0.517319682121427
9763,37510,20893.626953125,0.557014848123834,37449,21194.90234375,0.565967111104435
9764,31214,16800.578125,0.538238550810534,30821,15900.0322265625,0.515883074091123
9771,36951,19556.193359375,0.529246660695922,36952,19054.802734375,0.515663637539917
9772,78656,41339.59765625,0.525574624392926,78656,39391.19921875,0.500803488847005
9773,34747,18124.55859375,0.52161506299105,34515,17759.57421875,0.514546551318267
9774,54183,28056.7421875,0.517814484017127,53478,27295.841796875,0.510412539677531
9775,66927,35408.8046875,0.529066067319617,66758,34547.94140625,0.517510132212619
9776,32920,17689.4609375,0.537346930057716,32699,17527.48046875,0.536024969226888
9777,49871,25778.98046875,0.516913245548515,49688,24715.54296875,0.497414727273185
9778,52697,27410.388671875,0.520150837274892,52315,26627.53125,0.508984636337571
9779,63184,34181.1328125,0.540977665429539,62685,33283.8359375,0.530969704674164
9780,55611,29829.314453125,0.536392340600331,55611,28239.556640625,0.507805229911798
10041,153945,87487.875,0.568306050862321,152746,86004.3046875,0.563054382356985
10042,31809,16788.404296875,0.527787868115156,31800,16410.353515625,0.51604885269261
10043,39722,20964.6171875,0.527783525187553,39523,19618.94921875,0.496393219612631
10044,72163,37303.61328125,0.516935455583194,71683,34778.84765625,0.48517567144581
10045,66416,35898.99609375,0.540517286403126,66163,33747.2109375,0.510061680055318
10046,27670,14574.111328125,0.526711649010661,27670,13982.544921875,0.505332306536863
11000,1539593,900736.5625,0.585048491711771,1533659,940667.3125,0.613348412195931
12051,30022,16085.59375,0.535793543068417,28970,15053.2021484375,0.519613467326113
12052,47410,26240.10546875,0.553471956733811,47407,27275.294921875,0.575343196613897
12053,28848,16105.396484375,0.558284681238734,28371,16217.4462890625,0.571620538192609
12054,86943,52156.32421875,0.599891011567924,86523,53963.84375,0.623693627705928
12060,50983,26617.97265625,0.522095064163545,50504,25071.162109375,0.496419335287799
12061,60647,30825.611328125,0.508279244284548,60608,29618.359375,0.488687291694166
12062,33265,17091.140625,0.513787483090335,32445,15523.724609375,0.478462771131916
12063,45384,23114.62890625,0.509312288609422,45315,21888.771484375,0.483035892847291
12064,51856,26595.783203125,0.5128776458486,51555,25545.46875,0.495499345359325
12065,59820,31361.677734375,0.52426743119985,59147,29614.275390625,0.500689390681269
12066,40240,20928.232421875,0.520085298754349,39888,19787.67578125,0.496080921110359
12067,56111,28178.9453125,0.502200019826772,55025,26685.54296875,0.484971248864153
12068,35773,18632.669921875,0.520858466493585,35629,17342.4140625,0.486749952636897
12069,61584,32154.40625,0.522122730741751,61346,31367.802734375,0.511325966393489
12070,27297,13815.126953125,0.506104222190167,26619,12879.1005859375,0.483831120099835
12071,36760,18501.87109375,0.503315318110718,36760,17018.41015625,0.462960015131937
12072,64408,33195.95703125,0.515401146305583,64380,32295.0234375,0.501631305335508
12073,39330,20393.677734375,0.518527275219298,39247,19374.580078125,0.493657606393482
13003,93923,52119.28125,0.554914996859129,93128,52914.953125,0.568195957445666
13004,50711,28972.88671875,0.57133337379957,50063,29547.181640625,0.590199980836646
13071,94214,49726.01171875,0.52779854075562,93068,47143.42578125,0.506548177475072
13072,68062,35136.08203125,0.516236402563104,67477,33087.47265625,0.490351862949598
13073,74763,38426.03515625,0.513971284676244,74524,36742.51171875,0.493029248547448
13074,48606,24625.7109375,0.506639323077398,48160,23554.1171875,0.489080506384967
13075,83295,43988.45703125,0.528104412404706,82047,41638.73828125,0.507498607886333
13076,66199,33474.05859375,0.505658070269188,65228,31132.298828125,0.477284277122171
14511,117749,65905.59375,0.559712555945273,117210,65900.328125,0.562241516295538
14521,115784,59682.07421875,0.515460462747444,114539,55421.63671875,0.483866951158557
14522,109875,58220.734375,0.52988154152446,109176,55405.859375,0.507491201133949
14523,82131,42728.71875,0.520250803594258,81380,40226.19921875,0.494300801410052
14524,125452,66309.0859375,0.528561409443452,125285,61426,0.490290138484256
14612,271820,158878.59375,0.584499278014863,270388,164248.171875,0.607453629136648
14625,114806,59529.9921875,0.518526838209675,114045,56989.80078125,0.499713277927572
14626,87567,46464.9296875,0.530621463422294,86626,43580.41796875,0.503087040481495
14627,90237,46446.375,0.514715416071013,89486,44551.46484375,0.49785960757828
14628,80391,41764.4765625,0.519516818580438,80096,39073.53125,0.487833740136836
14713,275597,157598.75,0.571844940256969,274761,161699.765625,0.588510616954371
14729,79319,40988.54296875,0.516755669748106,78426,38557.703125,0.491644392484635
14730,74830,37776.65234375,0.504832986018308,73917,35591.83984375,0.481510881715302
15001,33888,18517.9453125,0.54644550615262,33488,18040.03515625,0.53870147982113
15002,97839,55231.14453125,0.564510517597788,97369,57091.41796875,0.586340806301287
15003,108680,61472.7734375,0.565630966484174,107991,62597.89453125,0.579658439418563
15081,27178,13939.5830078125,0.512899514600504,27110,12923.0009765625,0.476687605184895
15082,56422,29361.806640625,0.520396417011538,55605,27188.822265625,0.488963623156641
15083,61839,31333.9296875,0.506701752736946,61209,28647.068359375,0.468020525729468
15084,59399,29914.76171875,0.503623995669119,58961,28227.375,0.47874654432591
15085,73198,37612.08203125,0.51384029660988,72066,34918.49609375,0.484534955370771
15086,28077,13936.462890625,0.496365811540585,27572,12845.560546875,0.465891503948752
15087,41855,21223.853515625,0.507080480602676,41161,19419.232421875,0.471787187431671
15088,70173,36206.19140625,0.515956157015519,69255,34025.40234375,0.491306076727312
15089,62999,32694.13671875,0.518962788595851,61807,30319.14453125,0.490545480791011
15090,35655,18460.17578125,0.517744377541719,34814,17299.322265625,0.496907056518211
15091,43523,22327.416015625,0.513002688592813,43090,20830.21875,0.483411899512648
16051,110717,63744.88671875,0.575746152070143,110495,63661.34375,0.576146827910765
16052,36803,20527.154296875,0.5577576365208,36224,20107.185546875,0.555079106307282
16053,57883,33631.16015625,0.581019645772507,57508,34208.13671875,0.594841356311296
16054,15620,8471.5732421875,0.542354240857074,15415,8298.5693359375,0.538343777874635
16055,24454,14000.3173828125,0.572516454682772,24386,14100.4130859375,0.578217546376507
16061,35871,18138.5,0.505659167572691,35500,16740.8046875,0.471571963028169
16062,29982,15569.9033203125,0.519308362361167,29412,14444.794921875,0.491119098390963
16063,63902,32923.1650390625,0.515213374214618,63613,30759.748046875,0.483544999400673
16064,35874,18710.359375,0.521557656659419,35482,17178.2734375,0.484140506101685
16065,19705,10380.640625,0.526802366150723,19311,9360.1357421875,0.484704869876625
16066,44283,22605.5859375,0.510480002201748,43737,20692.35546875,0.473108705872602
16067,50927,25837.21484375,0.507338245797907,50808,24433.16015625,0.480891988589395
16068,23592,12074.685546875,0.511812713923152,23082,10952.6474609375,0.474510331034464
16069,19092,9515.9736328125,0.498427280159884,19034,8927.36328125,0.469021922940527
16070,38250,20568.05859375,0.537727022058824,38041,19639.568359375,0.516273714134092
16071,26372,13202.3203125,0.500618850011376,25914,11926.505859375,0.460234076536814
16072,21434,10978.7275390625,0.512210858405454,21420,9752.3974609375,0.455293999110061
16073,35760,18545.119140625,0.518599528540968,35702,17683.326171875,0.495303517222424
16074,27069,13598.7431640625,0.502373311317836,27069,12796.4501953125,0.472734500547213
16075,30055,15268.0078125,0.508002256280153,29666,13994.6796875,0.471741376912964
16076,29976,15254.3759765625,0.508886308265362,29976,14452.9462890625,0.482150596779507
16077,27962,14403.7724609375,0.515119535832111,27656,13153.744140625,0.47561990673362
